State,Year,Month,2W,CV,Passenger Vehicles,Tractors
Andhra Pradesh(84),2021,2021,0,725,13396,14981
Andhra Pradesh(84),2021,APR,68276,3792,10002,1567
Andhra Pradesh(84),2021,AUG,0,531,336,0
Andhra Pradesh(84),2021,JAN,0,18,2,14981
Andhra Pradesh(84),2021,JUL,0,42,275,1271
Andhra Pradesh(84),2021,JUN,0,53,904,0
Andhra Pradesh(84),2021,MAY,0,926,928,0
Andhra Pradesh(84),2021,NOV,0,645,0,0
Andhra Pradesh(84),2021,OCT,0,1,0,0
Andhra Pradesh(84),2021,SEP,2,1836,639,801
Andhra Pradesh(84),2022,2021,3,1071,333,970
Andhra Pradesh(84),2023,APR,0,3623,2693,1079
Andhra Pradesh(84),2023,AUG,0,3044,3520,651
Andhra Pradesh(84),2023,DEC,1439,3815,4446,747
Andhra Pradesh(84),2023,FEB,0,27,0,0
Andhra Pradesh(84),2023,JAN,0,3348,6883,8279
Andhra Pradesh(84),2023,JUN,13,3570,3736,537
Andhra Pradesh(84),2023,MAR,0,3348,6883,8279
Andhra Pradesh(84),2023,MAY,0,3174,699,898
Andhra Pradesh(84),2023,NOV,0,550,0,0
Andhra Pradesh(84),2023,OCT,0,2106,0,0
Andhra Pradesh(84),2024,2024,0,7564,31972,0
Andhra Pradesh(84),2024,APR,0,1259,2962,440
Andhra Pradesh(84),2024,AUG,0,3874,3630,686
Andhra Pradesh(84),2024,DEC,21,1959,4786,646
Andhra Pradesh(84),2024,JAN,0,34030,38773,6638
Andhra Pradesh(84),2024,JUL,0,3627,2530,382
Andhra Pradesh(84),2024,JUN,0,3419,91,517
Andhra Pradesh(84),2024,MAR,53740,3563,11173,440
Andhra Pradesh(84),2024,MAY,0,3584,693,517
Andhra Pradesh(84),2024,NOV,49,2543,2219,538
Andhra Pradesh(84),2024,OCT,48658,3175,8483,2340
Andhra Pradesh(84),2024,SEP,48658,3175,8483,2340
Andhra Pradesh(84),2025,APR,20,668,2685,0
Andhra Pradesh(84),2025,FEB,89,3417,2672,548
Andhra Pradesh(84),2025,JAN,1,29752,27301,4292
Andhra Pradesh(84),2025,JUL,0,3739,3043,615
Andhra Pradesh(84),2025,JUN,0,3720,2584,615
Andhra Pradesh(84),2025,MAR,56654,3829,3265,454
Arunachal Pradesh(29),2021,2021,0,1536,146,313
Arunachal Pradesh(29),2021,APR,0,203,11,0
Arunachal Pradesh(29),2021,AUG,0,108,19,10
Arunachal Pradesh(29),2021,DEC,1040,210,728,20
Arunachal Pradesh(29),2021,FEB,0,1992,147,313
Arunachal Pradesh(29),2021,JAN,12786,2182,8184,318
Arunachal Pradesh(29),2021,JUL,0,165,735,44
Arunachal Pradesh(29),2021,JUN,1257,165,736,44
Arunachal Pradesh(29),2021,MAR,1028,212,677,29
Arunachal Pradesh(29),2021,NOV,0,0,8,0
Arunachal Pradesh(29),2021,OCT,0,0,8,0
Arunachal Pradesh(29),2021,SEP,0,145,24,36
Arunachal Pradesh(29),2022,2022,0,1884,2,454
Arunachal Pradesh(29),2022,APR,859,216,684,18
Arunachal Pradesh(29),2022,AUG,1,241,25,62
Arunachal Pradesh(29),2022,DEC,1249,258,994,26
Arunachal Pradesh(29),2022,FEB,0,140,6,19
Arunachal Pradesh(29),2022,JAN,0,2228,90,454
Arunachal Pradesh(29),2022,JUL,0,235,2,0
Arunachal Pradesh(29),2022,JUN,1241,242,996,68
Arunachal Pradesh(29),2022,MAR,3,215,17,18
Arunachal Pradesh(29),2022,MAY,1,235,9,30
Arunachal Pradesh(29),2022,NOV,0,82,8,0
Arunachal Pradesh(29),2022,SEP,1,239,23,62
Arunachal Pradesh(29),2023,2023,0,954,157,0
Arunachal Pradesh(29),2023,APR,0,185,39,21
Arunachal Pradesh(29),2023,AUG,0,24,11,0
Arunachal Pradesh(29),2023,DEC,0,231,21,59
Arunachal Pradesh(29),2023,FEB,0,994,159,0
Arunachal Pradesh(29),2023,JUL,0,234,1126,59
Arunachal Pradesh(29),2023,JUN,0,153,3,0
Arunachal Pradesh(29),2023,MAR,0,2867,325,842
Arunachal Pradesh(29),2023,MAY,0,227,3,0
Arunachal Pradesh(29),2023,NOV,0,109,5,0
Arunachal Pradesh(29),2023,OCT,0,147,16,0
Arunachal Pradesh(29),2024,2024,0,418,0,0
Arunachal Pradesh(29),2024,AUG,0,388,46,91
Arunachal Pradesh(29),2024,DEC,0,61,5,0
Arunachal Pradesh(29),2024,FEB,0,215,24,32
Arunachal Pradesh(29),2024,JAN,18103,3626,14133,763
Arunachal Pradesh(29),2024,JUL,0,0,6,0
Arunachal Pradesh(29),2024,JUN,0,312,40,0
Arunachal Pradesh(29),2024,MAR,0,0,3,0
Arunachal Pradesh(29),2024,MAY,0,189,5,0
Arunachal Pradesh(29),2024,NOV,0,99,0,0
Arunachal Pradesh(29),2024,OCT,1385,249,973,105
Arunachal Pradesh(29),2024,SEP,0,33,5,0
Arunachal Pradesh(29),2025,2025,0,3422,287,506
Arunachal Pradesh(29),2025,APR,1131,351,1089,55
Arunachal Pradesh(29),2025,FEB,0,344,19,41
Arunachal Pradesh(29),2025,JAN,10,3424,12020,522
Arunachal Pradesh(29),2025,JUL,0,457,41,74
Arunachal Pradesh(29),2025,MAY,1131,351,1089,55
Arunachal Pradesh(29),2025,SEP,1993,364,1742,52
Bihar(48),2021,2021,0,14046,94,26196
Bihar(48),2021,APR,66698,3721,10151,3830
Bihar(48),2021,AUG,55282,609,2570,1220
Bihar(48),2021,DEC,0,800,0,0
Bihar(48),2021,FEB,57233,3458,10415,3627
Bihar(48),2021,JAN,17242,29295,105228,26196
Bihar(48),2021,JUL,1,437,317,935
Bihar(48),2021,JUN,66698,3721,10151,3830
Bihar(48),2021,MAR,0,2593,5052,2658
Bihar(48),2021,MAY,66698,3721,10151,3830
Bihar(48),2021,NOV,100413,2198,1498,2476
Bihar(48),2021,OCT,565,608,412,1216
Bihar(48),2022,2021,0,1708,4392,1631
Bihar(48),2022,APR,0,2438,10,2658
Bihar(48),2022,FEB,0,1708,4368,1631
Bihar(48),2022,MAR,0,31589,70400,23197
Bihar(48),2022,MAY,1420,2571,9694,1330
Bihar(48),2023,2023,0,30629,34896,18959
Bihar(48),2023,AUG,0,2666,6853,0
Bihar(48),2023,DEC,65163,3193,18664,3232
Bihar(48),2023,FEB,63999,3055,12286,2918
Bihar(48),2023,JAN,0,32590,35028,18959
Bihar(48),2023,JUL,77934,3120,12600,3207
Bihar(48),2023,JUN,92347,3297,13259,3704
Bihar(48),2023,MAY,0,2701,1751,1500
Bihar(48),2023,NOV,0,2350,3439,1204
Bihar(48),2023,OCT,0,2445,9875,1204
Bihar(48),2023,SEP,1945,2828,13512,3463
Bihar(48),2024,2023,0,277,0,0
Bihar(48),2024,FEB,5,2253,10070,1641
Bihar(48),2024,JAN,5,2253,9927,1641
Bihar(48),2025,2024,63999,3055,12286,2918
Bihar(48),2025,APR,176,29198,74037,9786
Bihar(48),2025,FEB,727227,31144,129852,23321
Bihar(48),2025,JAN,0,734,1751,0
Bihar(48),2025,MAR,727227,31144,129852,23321
Delhi(16),2021,2021,0,3612,12969,0
Delhi(16),2021,APR,120,2779,17270,1
Delhi(16),2021,AUG,0,2094,884,0
Delhi(16),2021,DEC,37697,2664,13718,0
Delhi(16),2021,FEB,0,24,0,0
Delhi(16),2021,JAN,0,330,1145,0
Delhi(16),2021,JUL,23,14,25,0
Delhi(16),2021,JUN,14223,1400,8993,1
Delhi(16),2021,MAR,26631,2390,1523,0
Delhi(16),2021,MAY,26758,2390,15356,0
Delhi(16),2021,NOV,0,2992,2027,0
Delhi(16),2021,SEP,26063,2051,1428,0
Delhi(16),2022,2022,0,1168,5212,0
Delhi(16),2022,APR,102,3605,2199,0
Delhi(16),2022,AUG,27689,2728,16049,0
Delhi(16),2022,FEB,24611,2687,15133,0
Delhi(16),2022,JAN,0,10573,25214,0
Delhi(16),2022,JUL,0,19,138,0
Delhi(16),2022,JUN,28866,3605,15391,0
Delhi(16),2022,MAR,0,543,232,0
Delhi(16),2022,NOV,0,2655,3493,0
Delhi(16),2022,OCT,0,2978,2599,0
Delhi(16),2022,SEP,27689,2728,16049,0
Delhi(16),2023,2023,0,29646,4258,0
Delhi(16),2023,APR,35975,3669,19882,0
Delhi(16),2023,AUG,32305,2517,18218,2
Delhi(16),2023,DEC,33329,2791,17853,0
Delhi(16),2023,FEB,40,33605,28018,0
Delhi(16),2023,JAN,0,29646,10379,0
Delhi(16),2023,JUL,28597,2906,2071,3
Delhi(16),2023,JUN,30399,3301,20639,2
Delhi(16),2023,MAR,302,33605,28018,0
Delhi(16),2023,MAY,29404,2734,1999,0
Delhi(16),2023,NOV,33359,2791,17862,0
Delhi(16),2023,OCT,0,2627,1668,0
Delhi(16),2023,SEP,0,1762,1668,0
Delhi(16),2024,2023,0,323,683,0
Delhi(16),2024,JAN,27250,2568,19111,0
Delhi(16),2025,APR,42756,3525,28769,0
Delhi(16),2025,AUG,46863,3590,18988,8
Delhi(16),2025,FEB,0,3525,5232,0
Delhi(16),2025,JAN,327903,28937,166674,15
Delhi(16),2025,JUL,24,3590,5086,8
Delhi(16),2025,JUN,29,3809,4468,2
Delhi(16),2025,MAY,28990,3031,18154,0
Delhi(16),2025,SEP,37903,2835,17644,0
Goa(13),2021,2021,0,1856,31,0
Goa(13),2021,APR,0,1,0,0
Goa(13),2021,AUG,29,104,750,8
Goa(13),2021,DEC,303,206,46,6
Goa(13),2021,JAN,0,1,0,0
Goa(13),2021,JUN,179,228,50,0
Goa(13),2021,MAR,7,200,61,0
Goa(13),2021,MAY,3478,207,1504,6
Goa(13),2021,NOV,0,4,42,0
Goa(13),2021,OCT,84,167,37,0
Goa(13),2021,SEP,13,104,7,0
Goa(13),2022,2022,4577,2311,2545,7
Goa(13),2022,APR,3247,153,1170,0
Goa(13),2022,AUG,119,159,68,0
Goa(13),2022,DEC,5299,242,1807,4
Goa(13),2022,FEB,0,4,0,0
Goa(13),2022,JAN,4752,2446,19494,7
Goa(13),2022,JUL,159,196,57,1
Goa(13),2022,JUN,3818,202,1411,2
Goa(13),2022,MAR,3015,225,1201,3
Goa(13),2022,MAY,3249,156,1170,2
Goa(13),2022,NOV,4080,168,1707,1
Goa(13),2023,2022,4987,215,1756,2
Goa(13),2023,APR,4577,2439,2578,7
Goa(13),2023,AUG,241,233,360,2
Goa(13),2023,DEC,5386,333,2165,3
Goa(13),2023,FEB,48764,2524,19494,30
Goa(13),2023,JAN,0,2650,5480,4
Goa(13),2023,JUL,3946,247,1909,3
Goa(13),2023,JUN,285,20,781,0
Goa(13),2023,MAR,4752,2515,19494,30
Goa(13),2023,MAY,280,0,0,0
Goa(13),2023,NOV,4104,253,474,0
Goa(13),2023,OCT,216,197,320,0
Goa(13),2024,APR,194,3,436,0
Goa(13),2024,DEC,239,260,0,0
Goa(13),2024,JAN,0,29,142,0
Goa(13),2024,JUL,7,181,0,0
Goa(13),2024,MAR,8,242,0,0
Goa(13),2024,MAY,192,280,311,0
Goa(13),2024,NOV,241,310,384,0
Goa(13),2024,OCT,2,1,1,0
Goa(13),2024,SEP,3792,254,1792,4
Goa(13),2025,2025,36292,2401,1945,1
Goa(13),2025,FEB,36292,2545,15949,20
Goa(13),2025,JUL,3504,238,1528,2
Goa(13),2025,JUN,0,0,14,0
Goa(13),2025,MAR,1072,2397,1945,1
Goa(13),2025,MAY,131,274,274,0
Goa(13),2025,SEP,1,276,0,0
Gujarat(37),2021,2021,27,53290,21796,6487
Gujarat(37),2021,APR,0,4696,1032,596
Gujarat(37),2021,AUG,43987,3558,18311,268
Gujarat(37),2021,JAN,27,53382,21796,6487
Gujarat(37),2021,JUL,48951,3959,18311,2456
Gujarat(37),2021,JUN,0,5291,1526,479
Gujarat(37),2021,MAR,68383,5433,27672,4565
Gujarat(37),2021,MAY,0,731,1084,0
Gujarat(37),2021,NOV,3,4860,2025,0
Gujarat(37),2021,OCT,0,4578,1821,540
Gujarat(37),2021,SEP,6767,3288,1288,498
Gujarat(37),2022,2021,9593,5169,25035,3769
Gujarat(37),2022,APR,8205,5364,27672,3964
Gujarat(37),2022,DEC,74982,5166,26439,3466
Gujarat(37),2022,FEB,102758,71726,353298,8013
Gujarat(37),2022,JAN,10352,5637,2700,768
Gujarat(37),2022,JUL,0,5059,2947,490
Gujarat(37),2022,JUN,0,18,0,0
Gujarat(37),2022,MAR,0,68755,41966,8013
Gujarat(37),2022,MAY,7160,5120,2947,490
Gujarat(37),2022,NOV,0,4990,2217,618
Gujarat(37),2022,OCT,3,5144,2218,618
Gujarat(37),2022,SEP,3,6440,2754,596
Gujarat(37),2023,2022,3,6607,5815,793
Gujarat(37),2023,FEB,0,79976,59957,0
Gujarat(37),2023,JAN,3,1098,5594,793
Gujarat(37),2023,MAR,0,84043,73269,11602
Gujarat(37),2024,2023,0,84043,73269,11602
Gujarat(37),2024,FEB,153,90949,78432,10865
Gujarat(37),2024,JAN,21,8235,5922,684
Gujarat(37),2024,MAR,104152,92274,421948,10865
Gujarat(37),2025,2024,153,90931,78432,10865
Gujarat(37),2025,APR,10,8359,6747,1376
Gujarat(37),2025,AUG,3,7510,5108,690
Gujarat(37),2025,FEB,48,64331,55173,5311
Gujarat(37),2025,JAN,92794,7980,5754,1236
Gujarat(37),2025,MAR,48,64482,55173,5311
Gujarat(37),2025,SEP,0,1,4,0
Haryana(98),2021,2021,0,38177,11977,16
Haryana(98),2021,APR,5,3622,637,0
Haryana(98),2021,AUG,5,323,756,8
Haryana(98),2021,DEC,0,414,1476,0
Haryana(98),2021,FEB,22,39080,11979,16
Haryana(98),2021,JAN,0,37196,8307,16
Haryana(98),2021,JUL,135,2549,597,0
Haryana(98),2021,JUN,31054,4212,16245,3423
Haryana(98),2021,MAR,0,2248,8307,0
Haryana(98),2021,MAY,5,3812,587,0
Haryana(98),2021,NOV,0,3772,1401,0
Haryana(98),2021,OCT,0,69,0,0
Haryana(98),2021,SEP,0,3171,420,0
Haryana(98),2022,APR,1,4334,1277,0
Haryana(98),2022,AUG,0,3852,786,0
Haryana(98),2022,DEC,0,4831,4923,0
Haryana(98),2022,JAN,0,51305,13868,0
Haryana(98),2022,JUL,0,4729,2134,0
Haryana(98),2022,JUN,0,5101,1330,0
Haryana(98),2022,MAR,1877,56222,237831,0
Haryana(98),2022,NOV,0,4570,2838,0
Haryana(98),2022,OCT,0,4376,855,0
Haryana(98),2022,SEP,0,4394,1648,0
Haryana(98),2023,2023,0,59193,62316,2
Haryana(98),2023,APR,0,5087,2003,0
Haryana(98),2023,AUG,15520,4509,15325,1426
Haryana(98),2023,DEC,1,4581,5009,0
Haryana(98),2023,FEB,0,5390,2284,2
Haryana(98),2023,JAN,0,59193,62805,2
Haryana(98),2023,JUL,3,509,4609,0
Haryana(98),2023,JUN,0,5796,6114,0
Haryana(98),2023,MAR,0,5091,3164,0
Haryana(98),2023,MAY,0,5794,4357,0
Haryana(98),2023,NOV,0,3985,1841,0
Haryana(98),2023,SEP,0,4577,5192,0
Haryana(98),2024,AUG,10,0,0,0
Haryana(98),2024,FEB,81,1142,6133,0
Haryana(98),2024,JAN,415,63571,60810,1
Haryana(98),2024,JUL,20,4906,4418,0
Haryana(98),2024,JUN,35758,6493,24258,0
Haryana(98),2024,MAR,13,5331,4981,0
Haryana(98),2024,MAY,132,5817,5612,0
Haryana(98),2024,NOV,97,5614,25389,0
Haryana(98),2024,OCT,10,250,0,0
Haryana(98),2024,SEP,256,4807,25882,0
Haryana(98),2025,2024,0,693,2108,0
Haryana(98),2025,FEB,959,54036,44579,2
Haryana(98),2025,JAN,0,1,0,0
Himachal Pradesh(96),2021,APR,5205,706,4714,116
Himachal Pradesh(96),2021,AUG,1722,174,31,0
Himachal Pradesh(96),2021,FEB,180,8417,1665,3
Himachal Pradesh(96),2021,JUL,1722,201,1523,45
Himachal Pradesh(96),2021,JUN,2,174,30,0
Himachal Pradesh(96),2021,MAY,14,606,214,1
Himachal Pradesh(96),2021,NOV,4,1050,66,0
Himachal Pradesh(96),2021,OCT,0,3,0,0
Himachal Pradesh(96),2021,SEP,11,712,84,2
Himachal Pradesh(96),2022,2022,62708,10356,43877,0
Himachal Pradesh(96),2022,APR,8,797,3676,0
Himachal Pradesh(96),2022,AUG,172,952,412,0
Himachal Pradesh(96),2022,DEC,52,1,22,0
Himachal Pradesh(96),2022,JAN,993,9702,256,0
Himachal Pradesh(96),2022,JUL,4620,985,3229,103
Himachal Pradesh(96),2022,JUN,0,917,13,0
Himachal Pradesh(96),2022,MAR,993,10327,3517,0
Himachal Pradesh(96),2022,MAY,0,917,186,0
Himachal Pradesh(96),2022,NOV,0,2,0,0
Himachal Pradesh(96),2023,2023,963,10701,4637,0
Himachal Pradesh(96),2023,APR,0,6,53,0
Himachal Pradesh(96),2023,AUG,165,1021,116,0
Himachal Pradesh(96),2023,FEB,66099,10733,4743,0
Himachal Pradesh(96),2023,JAN,963,9805,352,0
Himachal Pradesh(96),2023,JUL,157,1,34,0
Himachal Pradesh(96),2023,JUN,157,1075,207,0
Himachal Pradesh(96),2023,MAR,963,10697,4637,0
Himachal Pradesh(96),2023,MAY,157,9,37,0
Himachal Pradesh(96),2023,NOV,33,891,673,0
Himachal Pradesh(96),2023,OCT,5454,858,4069,166
Himachal Pradesh(96),2023,SEP,5397,1041,3500,0
Himachal Pradesh(96),2024,2023,0,3,0,0
Himachal Pradesh(96),2024,APR,4734,1028,4257,0
Himachal Pradesh(96),2024,AUG,105,985,24,1
Himachal Pradesh(96),2024,DEC,46,798,327,0
Himachal Pradesh(96),2024,FEB,0,11,534,0
Himachal Pradesh(96),2024,JAN,0,11866,6833,1
Himachal Pradesh(96),2024,MAR,23,979,572,0
Himachal Pradesh(96),2024,MAY,190,1153,610,0
Himachal Pradesh(96),2024,OCT,6569,1175,533,0
Himachal Pradesh(96),2024,SEP,6076,1126,4293,1
Himachal Pradesh(96),2025,2025,51133,9138,4763,1
Himachal Pradesh(96),2025,AUG,63,15,33,0
Himachal Pradesh(96),2025,FEB,6640,970,6361,0
Himachal Pradesh(96),2025,JAN,798,8412,765,1
Himachal Pradesh(96),2025,JUL,136,1057,54,0
Himachal Pradesh(96),2025,JUN,0,2,44,0
Himachal Pradesh(96),2025,MAR,5153,994,4537,214
Himachal Pradesh(96),2025,MAY,5924,1006,564,0
Himachal Pradesh(96),2025,SEP,63,1049,33,1
Jammu and Kashmir(21),2021,2021,0,11296,0,402
Jammu and Kashmir(21),2021,APR,2812,1877,78,4
Jammu and Kashmir(21),2021,AUG,0,935,1,0
Jammu and Kashmir(21),2021,DEC,0,71,11,0
Jammu and Kashmir(21),2021,JAN,0,11276,0,402
Jammu and Kashmir(21),2021,JUL,8678,1135,4542,358
Jammu and Kashmir(21),2021,JUN,1917,499,30,152
Jammu and Kashmir(21),2021,MAR,0,11276,0,0
Jammu and Kashmir(21),2021,MAY,0,72,5,0
Jammu and Kashmir(21),2021,NOV,0,71,9,0
Jammu and Kashmir(21),2022,2022,0,845,823,0
Jammu and Kashmir(21),2022,APR,0,7,18,0
Jammu and Kashmir(21),2022,AUG,4087,1356,1030,9
Jammu and Kashmir(21),2022,DEC,0,96,68,0
Jammu and Kashmir(21),2022,FEB,0,28,38,0
Jammu and Kashmir(21),2022,JAN,38393,15779,58834,227
Jammu and Kashmir(21),2022,JUL,0,1291,248,0
Jammu and Kashmir(21),2022,JUN,4651,1458,199,31
Jammu and Kashmir(21),2022,MAR,0,37,1,0
Jammu and Kashmir(21),2022,OCT,0,16,0,0
Jammu and Kashmir(21),2022,SEP,4049,1378,444,23
Jammu and Kashmir(21),2023,2023,38259,14551,68631,93
Jammu and Kashmir(21),2023,APR,4868,1185,4951,295
Jammu and Kashmir(21),2023,AUG,0,100,85,0
Jammu and Kashmir(21),2023,DEC,3620,1165,6214,229
Jammu and Kashmir(21),2023,FEB,0,1070,142,0
Jammu and Kashmir(21),2023,JAN,8,14519,14251,93
Jammu and Kashmir(21),2023,JUN,0,1331,1272,13
Jammu and Kashmir(21),2023,MAR,0,0,14,0
Jammu and Kashmir(21),2023,MAY,0,1700,762,0
Jammu and Kashmir(21),2023,OCT,6754,1173,5756,192
Jammu and Kashmir(21),2023,SEP,0,1095,2809,4
Jammu and Kashmir(21),2024,2024,0,1804,7633,73
Jammu and Kashmir(21),2024,APR,0,2,0,0
Jammu and Kashmir(21),2024,DEC,0,4,320,0
Jammu and Kashmir(21),2024,FEB,0,38,0,73
Jammu and Kashmir(21),2024,JUL,3635,1347,1623,8
Jammu and Kashmir(21),2024,JUN,0,5,0,0
Jammu and Kashmir(21),2024,MAR,0,8,0,0
Jammu and Kashmir(21),2024,MAY,0,1,0,0
Jammu and Kashmir(21),2024,NOV,0,52,551,0
Jammu and Kashmir(21),2024,OCT,10286,1111,5548,314
Jammu and Kashmir(21),2025,2025,0,6773,3216,25
Jammu and Kashmir(21),2025,APR,0,222,348,0
Jammu and Kashmir(21),2025,FEB,0,0,281,0
Jammu and Kashmir(21),2025,JAN,1,6828,3523,25
Jammu and Kashmir(21),2025,JUL,0,124,124,0
Jammu and Kashmir(21),2025,JUN,0,430,988,0
Jammu and Kashmir(21),2025,MAR,0,100,0,0
Jammu and Kashmir(21),2025,MAY,0,673,1306,5
Jammu and Kashmir(21),2025,SEP,0,121,17,0
Karnataka(68),2022,2022,0,70074,0,0
Karnataka(68),2022,APR,0,6311,2400,162
Karnataka(68),2022,DEC,941,7246,4654,95
Karnataka(68),2022,FEB,0,70074,0,1632
Karnataka(68),2022,JUL,0,6258,1352,128
Karnataka(68),2022,JUN,429,5167,1879,102
Karnataka(68),2022,MAR,674,4948,1297,121
Karnataka(68),2022,MAY,662,47,23,0
Karnataka(68),2022,NOV,784,6781,2958,95
Karnataka(68),2022,OCT,77292,6640,3132,158
Karnataka(68),2022,SEP,0,6292,1353,128
Karnataka(68),2023,2023,0,83021,78169,3240
Karnataka(68),2023,APR,163,7933,6551,217
Karnataka(68),2023,AUG,203,5930,5134,385
Karnataka(68),2023,DEC,520,6220,4743,0
Karnataka(68),2023,FEB,0,61,3527,0
Karnataka(68),2023,JAN,0,84004,78169,3240
Karnataka(68),2023,JUN,269,5339,3788,168
Karnataka(68),2023,MAR,360,6576,4983,161
Karnataka(68),2023,MAY,91322,6613,5503,172
Karnataka(68),2023,SEP,102206,7437,7336,1620
Karnataka(68),2024,2024,1346584,90696,383705,65671
Karnataka(68),2024,APR,305,7290,9863,303
Karnataka(68),2024,AUG,338,5369,5797,265
Karnataka(68),2024,FEB,0,6234,4921,268
Karnataka(68),2024,JAN,6638,214,63504,0
Karnataka(68),2024,JUL,107672,7826,30462,5462
Karnataka(68),2024,JUN,107672,7826,30462,5462
Karnataka(68),2024,MAR,220,0,0,0
Karnataka(68),2024,NOV,472,6,1,0
Karnataka(68),2024,SEP,472,6583,6474,261
Karnataka(68),2025,2025,877227,64144,263550,51155
Karnataka(68),2025,APR,115484,8445,40683,1317
Karnataka(68),2025,AUG,708,5350,4790,0
Karnataka(68),2025,FEB,31424,61010,263226,2341
Karnataka(68),2025,JAN,877227,64144,263550,51155
Karnataka(68),2025,JUN,757,0,0,0
Karnataka(68),2025,MAR,0,59207,67138,2341
Karnataka(68),2025,SEP,818,6677,7834,274
Kerala(87),2021,2021,515073,27446,10423,1
Kerala(87),2021,APR,5,414,773,0
Kerala(87),2021,AUG,0,2257,227,0
Kerala(87),2021,DEC,46,2211,1119,0
Kerala(87),2021,JAN,87,27446,10423,1
Kerala(87),2021,JUL,17754,1106,277,0
Kerala(87),2021,JUN,57498,2559,881,1
Kerala(87),2021,MAR,9,1,0,0
Kerala(87),2021,NOV,42407,2557,15882,40
Kerala(87),2021,OCT,48264,2773,1181,0
Kerala(87),2021,SEP,52345,2526,956,0
Kerala(87),2022,APR,0,2448,1170,1
Kerala(87),2022,AUG,0,2092,1261,0
Kerala(87),2022,DEC,1,15,7,0
Kerala(87),2022,FEB,0,2514,1291,1
Kerala(87),2022,JAN,0,29422,18252,4
Kerala(87),2022,JUL,44008,2778,1472,0
Kerala(87),2022,JUN,128,2328,16869,0
Kerala(87),2022,MAY,25,2519,1171,1
Kerala(87),2022,OCT,1,0,0,0
Kerala(87),2022,SEP,22,15,10,0
Kerala(87),2023,2023,241,31667,34077,0
Kerala(87),2023,APR,67,35,0,0
Kerala(87),2023,DEC,37380,2706,17587,71
Kerala(87),2023,JAN,241,0,0,0
Kerala(87),2023,JUL,20,2689,2664,0
Kerala(87),2023,JUN,23,2083,2504,0
Kerala(87),2023,MAR,9,19,2122,0
Kerala(87),2023,MAY,0,286,1763,0
Kerala(87),2023,NOV,0,410,554,0
Kerala(87),2023,SEP,0,2344,3443,0
Kerala(87),2024,2024,352,31543,32617,3
Kerala(87),2024,APR,24,2135,2550,0
Kerala(87),2024,DEC,94,5,2192,0
Kerala(87),2024,FEB,39,2308,2472,0
Kerala(87),2024,JAN,352,25700,25779,0
Kerala(87),2024,JUL,12,207,1995,0
Kerala(87),2024,MAR,5,2518,2716,0
Kerala(87),2024,NOV,10,5,0,0
Kerala(87),2024,OCT,2,2673,2911,0
Kerala(87),2024,SEP,12,2317,2517,0
Kerala(87),2025,2025,241,69,17875,0
Kerala(87),2025,APR,16,2493,16749,45
Kerala(87),2025,AUG,18,0,0,0
Kerala(87),2025,FEB,22,2695,2340,0
Kerala(87),2025,JAN,241,0,0,0
Kerala(87),2025,JUL,16,2,0,0
Kerala(87),2025,JUN,16,2897,2977,2
Kerala(87),2025,MAY,14,2152,2515,0
Kerala(87),2025,SEP,18,31,2091,0
Lakshadweep(6),2021,APR,153,1,6,1
Lakshadweep(6),2021,JAN,772,19,33,2
Lakshadweep(6),2021,JUL,40,3,1,0
Lakshadweep(6),2021,JUN,29,0,2,0
Lakshadweep(6),2021,MAR,99,2,2,1
Lakshadweep(6),2021,MAY,100,3,5,0
Lakshadweep(6),2022,AUG,19,2,0,0
Lakshadweep(6),2022,DEC,30,0,3,0
Lakshadweep(6),2022,JAN,0,14,0,0
Lakshadweep(6),2022,JUL,24,0,4,0
Lakshadweep(6),2022,JUN,49,6,3,0
Lakshadweep(6),2022,MAR,31,4,6,2
Lakshadweep(6),2022,MAY,28,2,1,0
Lakshadweep(6),2022,NOV,30,0,3,0
Lakshadweep(6),2022,OCT,23,1,2,0
Lakshadweep(6),2022,SEP,21,1,1,0
Lakshadweep(6),2023,2023,2,7,27,0
Lakshadweep(6),2023,APR,0,1,0,0
Lakshadweep(6),2023,AUG,0,0,1,0
Lakshadweep(6),2023,DEC,29,0,1,0
Lakshadweep(6),2023,FEB,0,0,1,0
Lakshadweep(6),2023,JAN,0,1,2,0
Lakshadweep(6),2023,JUN,61,1,5,0
Lakshadweep(6),2023,MAY,34,2,1,0
Lakshadweep(6),2023,NOV,20,0,1,0
Lakshadweep(6),2023,OCT,21,0,3,0
Lakshadweep(6),2024,2024,345,10,18,0
Lakshadweep(6),2024,APR,81,1,3,0
Lakshadweep(6),2024,AUG,50,3,5,0
Lakshadweep(6),2024,FEB,33,1,1,0
Lakshadweep(6),2024,JAN,345,10,18,0
Lakshadweep(6),2024,JUL,50,3,5,0
Lakshadweep(6),2024,MAR,50,1,3,0
Lakshadweep(6),2024,MAY,16,0,1,0
Lakshadweep(6),2024,NOV,14,0,1,0
Lakshadweep(6),2024,OCT,0,0,1,0
Lakshadweep(6),2024,SEP,50,3,5,0
Lakshadweep(6),2025,2025,507,16,30,1
Lakshadweep(6),2025,AUG,58,1,3,0
Lakshadweep(6),2025,JAN,507,16,30,1
Lakshadweep(6),2025,JUL,58,1,3,0
Lakshadweep(6),2025,JUN,81,6,4,0
Lakshadweep(6),2025,MAR,38,0,2,0
Lakshadweep(6),2025,MAY,98,1,4,0
Lakshadweep(6),2025,SEP,36,2,2,0
Madhya Pradesh(53),2021,2021,879928,30712,143525,96293
Madhya Pradesh(53),2021,APR,177,2782,1038,5
Madhya Pradesh(53),2021,AUG,0,746,679,0
Madhya Pradesh(53),2021,FEB,8,26137,11682,21
Madhya Pradesh(53),2021,JAN,0,0,4160,0
Madhya Pradesh(53),2021,JUL,0,148,8,0
Madhya Pradesh(53),2021,JUN,1,1006,139,3
Madhya Pradesh(53),2021,MAR,0,24588,4161,21
Madhya Pradesh(53),2021,MAY,0,3090,1100,2
Madhya Pradesh(53),2021,OCT,99103,2661,15416,13159
Madhya Pradesh(53),2021,SEP,99103,2500,15284,13159
Madhya Pradesh(53),2022,2022,3961,36495,24770,27
Madhya Pradesh(53),2022,APR,0,32705,20893,27
Madhya Pradesh(53),2022,AUG,69326,2612,12329,4
Madhya Pradesh(53),2022,DEC,81593,2858,13235,13002
Madhya Pradesh(53),2022,FEB,3961,36495,24770,27
Madhya Pradesh(53),2022,JAN,0,32610,20406,0
Madhya Pradesh(53),2022,JUL,75150,3229,13059,4899
Madhya Pradesh(53),2022,JUN,75150,3229,13059,4899
Madhya Pradesh(53),2022,MAY,0,528,572,4
Madhya Pradesh(53),2022,NOV,59,2976,15344,0
Madhya Pradesh(53),2022,OCT,59,3234,15494,8316
Madhya Pradesh(53),2022,SEP,73,3155,13059,4679
Madhya Pradesh(53),2023,2022,53275,2958,13465,4006
Madhya Pradesh(53),2023,APR,53275,2958,13465,4006
Madhya Pradesh(53),2023,AUG,53275,2958,13465,4006
Madhya Pradesh(53),2023,DEC,53275,2958,13465,4006
Madhya Pradesh(53),2023,FEB,53275,2958,13465,4006
Madhya Pradesh(53),2023,JAN,53275,2958,13465,4006
Madhya Pradesh(53),2023,JUL,53275,2958,13465,4006
Madhya Pradesh(53),2023,JUN,53275,2958,13465,4006
Madhya Pradesh(53),2023,MAR,53275,2958,13465,4006
Madhya Pradesh(53),2023,MAY,53275,2958,13465,4006
Madhya Pradesh(53),2023,NOV,53275,2958,13465,4006
Madhya Pradesh(53),2023,OCT,53275,2958,13465,4006
Madhya Pradesh(53),2023,SEP,53275,2958,13465,4006
Madhya Pradesh(53),2024,2022,53275,2958,13465,4006
Madhya Pradesh(53),2024,APR,53275,2958,13465,4006
Madhya Pradesh(53),2024,AUG,53275,2958,13465,4006
Madhya Pradesh(53),2024,DEC,53275,2958,13465,4006
Madhya Pradesh(53),2024,FEB,53275,2958,13465,4006
Madhya Pradesh(53),2024,JAN,53275,2958,13465,4006
Madhya Pradesh(53),2024,JUL,53275,2958,13465,4006
Madhya Pradesh(53),2024,JUN,53275,2958,13465,4006
Madhya Pradesh(53),2024,MAR,53275,2958,13465,4006
Madhya Pradesh(53),2024,MAY,53275,2958,13465,4006
Madhya Pradesh(53),2024,NOV,53275,2958,13465,4006
Madhya Pradesh(53),2024,OCT,53275,2958,13465,4006
Madhya Pradesh(53),2024,SEP,53275,2958,13465,4006
Madhya Pradesh(53),2025,2022,53275,2958,13465,4006
Madhya Pradesh(53),2025,APR,53275,2958,13465,4006
Madhya Pradesh(53),2025,AUG,53275,2958,13465,4006
Madhya Pradesh(53),2025,DEC,53275,2958,13465,4006
Madhya Pradesh(53),2025,FEB,53275,2958,13465,4006
Madhya Pradesh(53),2025,JAN,53275,2958,13465,4006
Madhya Pradesh(53),2025,JUL,53275,2958,13465,4006
Madhya Pradesh(53),2025,JUN,53275,2958,13465,4006
Madhya Pradesh(53),2025,MAR,53275,2958,13465,4006
Madhya Pradesh(53),2025,MAY,53275,2958,13465,4006
Madhya Pradesh(53),2025,NOV,53275,2958,13465,4006
Madhya Pradesh(53),2025,OCT,53275,2958,13465,4006
Madhya Pradesh(53),2025,SEP,53275,2958,13465,4006
Maharashtra(59),2021,2021,0,96243,30130,175
Maharashtra(59),2021,APR,0,9280,2919,0
Maharashtra(59),2021,AUG,0,3,20,0
Maharashtra(59),2021,FEB,0,8472,2254,28
Maharashtra(59),2021,JAN,0,92383,27078,175
Maharashtra(59),2021,JUL,16624,3193,14128,1499
Maharashtra(59),2021,JUN,16624,3193,14128,1499
Maharashtra(59),2021,MAR,130986,8894,34788,15
Maharashtra(59),2021,MAY,0,5524,3,0
Maharashtra(59),2021,NOV,119081,8800,37509,12531
Maharashtra(59),2021,OCT,0,4976,1524,23
Maharashtra(59),2021,SEP,0,2903,182,0
Maharashtra(59),2022,2021,25,124885,34980,46
Maharashtra(59),2022,FEB,25,124885,34985,46
Maharashtra(59),2022,JAN,25,124885,34953,0
Maharashtra(59),2022,MAR,0,11045,3598,7
Maharashtra(59),2023,APR,129512,12442,35608,11271
Maharashtra(59),2023,AUG,0,9992,2729,2
Maharashtra(59),2023,DEC,0,160,506,0
Maharashtra(59),2023,FEB,148294,13186,49227,9
Maharashtra(59),2023,JAN,3,141273,102607,52
Maharashtra(59),2023,JUL,0,13292,8009,2
Maharashtra(59),2023,JUN,3,159,0,0
Maharashtra(59),2023,MAR,0,145,0,0
Maharashtra(59),2023,MAY,1306,13792,8009,2
Maharashtra(59),2023,NOV,1246,11383,46308,4406
Maharashtra(59),2023,OCT,127186,10607,8893,4
Maharashtra(59),2023,SEP,0,10788,8029,9297
Maharashtra(59),2024,2023,0,14095,11357,4
Maharashtra(59),2024,FEB,0,16123,71150,0
Maharashtra(59),2024,JAN,174201,10538,37661,1259
Maharashtra(59),2025,2024,3,129452,63198,52
Maharashtra(59),2025,JAN,0,12994,7200,9
Maharashtra(59),2025,MAR,3,14256,63155,0
Manipur(17),2021,AUG,0,76,20,0
Manipur(17),2021,FEB,24281,1739,582,0
Manipur(17),2021,JAN,0,1685,548,0
Manipur(17),2021,JUL,1,178,0,0
Manipur(17),2021,JUN,0,11,0,0
Manipur(17),2021,MAR,2341,309,1555,0
Manipur(17),2021,MAY,3039,203,924,0
Manipur(17),2021,NOV,0,118,46,0
Manipur(17),2021,OCT,0,0,43,0
Manipur(17),2021,SEP,0,86,98,0
Manipur(17),2022,2022,0,43,893,0
Manipur(17),2022,APR,0,159,731,0
Manipur(17),2022,AUG,0,121,55,0
Manipur(17),2022,JAN,0,43,0,0
Manipur(17),2022,JUL,0,211,882,6
Manipur(17),2022,JUN,1248,211,882,6
Manipur(17),2022,MAR,298,1991,11613,0
Manipur(17),2022,NOV,0,162,149,0
Manipur(17),2022,OCT,0,0,1,0
Manipur(17),2022,SEP,3650,111,720,1
Manipur(17),2023,2023,19647,946,771,0
Manipur(17),2023,APR,6,175,178,2
Manipur(17),2023,AUG,1146,79,463,0
Manipur(17),2023,DEC,0,18,6,0
Manipur(17),2023,FEB,0,28,666,0
Manipur(17),2023,JAN,0,909,666,0
Manipur(17),2023,JUL,270,62,237,0
Manipur(17),2023,JUN,573,32,148,0
Manipur(17),2023,MAR,2990,183,935,2
Manipur(17),2023,NOV,1036,24,278,0
Manipur(17),2023,OCT,0,0,12,0
Manipur(17),2024,2024,0,7,488,0
Manipur(17),2024,APR,1394,45,396,1
Manipur(17),2024,AUG,2191,39,372,0
Manipur(17),2024,DEC,0,17,44,0
Manipur(17),2024,JAN,0,408,488,0
Manipur(17),2024,JUL,1765,39,460,1
Manipur(17),2024,JUN,1394,45,396,1
Manipur(17),2024,MAR,1722,32,368,4
Manipur(17),2024,MAY,1,41,24,1
Manipur(17),2024,NOV,0,13,0,0
Manipur(17),2024,OCT,0,36,30,0
Manipur(17),2024,SEP,2606,34,559,5
Manipur(17),2025,2024,2120,58,619,0
Manipur(17),2025,APR,2120,58,619,0
Manipur(17),2025,AUG,2120,58,619,0
Manipur(17),2025,DEC,2120,58,619,0
Manipur(17),2025,FEB,2120,58,619,0
Manipur(17),2025,JAN,2120,58,619,0
Manipur(17),2025,JUL,2120,58,619,0
Manipur(17),2025,JUN,2120,58,619,0
Manipur(17),2025,MAR,2120,58,619,0
Manipur(17),2025,MAY,2120,58,619,0
Manipur(17),2025,NOV,2120,58,619,0
Manipur(17),2025,OCT,2120,58,619,0
Manipur(17),2025,SEP,2120,58,619,0
Meghalaya(15),2021,2021,4,2727,1337,17
Meghalaya(15),2021,APR,1065,225,1170,2
Meghalaya(15),2021,AUG,724,210,777,0
Meghalaya(15),2021,FEB,4,0,354,0
Meghalaya(15),2021,JAN,4,2703,379,17
Meghalaya(15),2021,JUL,0,245,3,0
Meghalaya(15),2021,JUN,0,267,194,2
Meghalaya(15),2021,MAR,12833,2802,1389,21
Meghalaya(15),2021,MAY,0,262,1,0
Meghalaya(15),2021,OCT,0,2,29,1
Meghalaya(15),2022,2022,6,4240,448,0
Meghalaya(15),2022,APR,2,446,44,3
Meghalaya(15),2022,DEC,1,491,21,0
Meghalaya(15),2022,FEB,0,324,157,10
Meghalaya(15),2022,JAN,6,4240,448,0
Meghalaya(15),2022,JUL,0,340,197,0
Meghalaya(15),2022,JUN,0,353,119,3
Meghalaya(15),2022,MAY,0,446,7,0
Meghalaya(15),2022,NOV,1558,365,1244,3
Meghalaya(15),2022,OCT,1722,344,226,3
Meghalaya(15),2022,SEP,1,288,199,2
Meghalaya(15),2023,2023,0,3807,3662,21
Meghalaya(15),2023,APR,0,298,76,4
Meghalaya(15),2023,AUG,2011,262,1139,0
Meghalaya(15),2023,DEC,1891,446,1455,2
Meghalaya(15),2023,FEB,0,1,0,0
Meghalaya(15),2023,JAN,0,3781,3662,21
Meghalaya(15),2023,MAR,0,330,307,4
Meghalaya(15),2023,MAY,1201,316,226,9
Meghalaya(15),2023,OCT,1,352,366,0
Meghalaya(15),2023,SEP,0,245,1138,0
Meghalaya(15),2024,2024,4,4246,683,12
Meghalaya(15),2024,APR,0,1,6,0
Meghalaya(15),2024,AUG,2140,410,1164,4
Meghalaya(15),2024,DEC,2005,328,1031,1
Meghalaya(15),2024,FEB,22846,4377,14465,12
Meghalaya(15),2024,JAN,4,0,62,0
Meghalaya(15),2024,JUL,0,255,55,0
Meghalaya(15),2024,JUN,2227,806,1297,1
Meghalaya(15),2024,MAR,22846,4941,14472,26
Meghalaya(15),2024,NOV,0,256,65,0
Meghalaya(15),2024,OCT,2005,328,1031,1
Meghalaya(15),2024,SEP,2036,295,1075,6
Meghalaya(15),2025,2025,0,2165,2394,9
Meghalaya(15),2025,APR,16417,2487,10406,26
Meghalaya(15),2025,AUG,16417,2487,10406,26
Meghalaya(15),2025,FEB,16417,2487,10406,26
Meghalaya(15),2025,JAN,0,1,0,0
Meghalaya(15),2025,JUL,16417,2487,10406,26
Meghalaya(15),2025,JUN,16417,2487,10406,26
Meghalaya(15),2025,MAR,16417,2487,10406,26
Meghalaya(15),2025,MAY,16417,2487,10406,26
Meghalaya(15),2025,SEP,16417,2487,10406,26
Puducherry(8),2021,APR,0,53,24,0
Puducherry(8),2021,AUG,3591,31,859,3
Puducherry(8),2021,DEC,2880,25,539,9
Puducherry(8),2021,FEB,0,45,8,0
Puducherry(8),2021,JAN,2,0,3,0
Puducherry(8),2021,JUL,2557,27,447,1
Puducherry(8),2021,JUN,314,9,118,0
Puducherry(8),2021,MAR,4100,51,732,12
Puducherry(8),2021,MAY,2583,50,659,5
Puducherry(8),2021,NOV,0,27,5,0
Puducherry(8),2021,OCT,3211,41,644,0
Puducherry(8),2021,SEP,31,32,21,0
Puducherry(8),2022,2022,271,530,9051,73
Puducherry(8),2022,APR,0,32,2,0
Puducherry(8),2022,AUG,0,14,39,0
Puducherry(8),2022,DEC,0,28,17,0
Puducherry(8),2022,JAN,0,475,238,2
Puducherry(8),2022,JUL,0,42,32,0
Puducherry(8),2022,MAR,3394,47,14,0
Puducherry(8),2022,NOV,3561,28,763,2
Puducherry(8),2022,OCT,0,38,10,0
Puducherry(8),2023,2023,0,477,216,0
Puducherry(8),2023,AUG,0,57,60,0
Puducherry(8),2023,FEB,55,46,35,0
Puducherry(8),2023,JAN,0,605,995,0
Puducherry(8),2023,JUL,3591,50,943,5
Puducherry(8),2023,JUN,3733,47,964,2
Puducherry(8),2023,MAY,3075,39,79,0
Puducherry(8),2023,NOV,0,1,0,0
Puducherry(8),2023,SEP,4140,66,983,16
Puducherry(8),2024,2024,0,0,458,0
Puducherry(8),2024,AUG,0,2,0,1
Puducherry(8),2024,FEB,3,758,1325,6
Puducherry(8),2024,JUL,0,82,107,0
Puducherry(8),2024,JUN,38,82,116,0
Puducherry(8),2024,MAR,0,507,458,0
Puducherry(8),2024,NOV,0,41,30,0
Puducherry(8),2024,SEP,0,83,102,0
Puducherry(8),2025,2025,0,820,872,1
Puducherry(8),2025,APR,5920,58,1703,4
Puducherry(8),2025,AUG,5920,58,1703,4
Puducherry(8),2025,FEB,5920,58,1703,4
Puducherry(8),2025,JAN,239,820,1024,1
Puducherry(8),2025,JUL,5920,58,1703,4
Puducherry(8),2025,JUN,5920,58,1703,4
Puducherry(8),2025,MAR,5920,58,1703,4
Puducherry(8),2025,MAY,5920,58,1703,4
Puducherry(8),2025,SEP,5920,58,1703,4
Rajasthan(59),2022,2022,1251,57879,34622,2
Rajasthan(59),2022,APR,37,5586,2330,0
Rajasthan(59),2022,AUG,63,5247,3023,0
Rajasthan(59),2022,DEC,0,5610,4394,0
Rajasthan(59),2022,FEB,1251,4138,17864,0
Rajasthan(59),2022,JUL,0,4826,2798,0
Rajasthan(59),2022,MAR,1251,56069,27856,0
Rajasthan(59),2022,MAY,0,3853,0,0
Rajasthan(59),2022,NOV,270,5473,3726,0
Rajasthan(59),2022,OCT,128,5379,3390,0
Rajasthan(59),2022,SEP,87,4851,3232,0
Rajasthan(59),2023,2022,848,6095,3336,0
Rajasthan(59),2023,AUG,0,4801,2426,1
Rajasthan(59),2023,DEC,0,0,3793,0
Rajasthan(59),2023,FEB,1757,84045,51873,2
Rajasthan(59),2023,JAN,137,1826,3035,0
Rajasthan(59),2023,JUL,0,4645,1882,0
Rajasthan(59),2023,JUN,0,5430,2426,1
Rajasthan(59),2023,MAR,27,4376,1099,0
Rajasthan(59),2023,MAY,60118,7031,16151,9082
Rajasthan(59),2023,NOV,270,0,0,0
Rajasthan(59),2023,OCT,128,5379,3390,0
Rajasthan(59),2023,SEP,54,5130,2798,0
Rajasthan(59),2024,2024,0,55075,37052,4
Rajasthan(59),2024,AUG,116,4943,3844,0
Rajasthan(59),2024,DEC,159,0,0,0
Rajasthan(59),2024,FEB,0,54982,36958,0
Rajasthan(59),2024,JAN,0,55075,38035,4
Rajasthan(59),2024,JUL,83678,7138,20604,5232
Rajasthan(59),2024,JUN,83678,7138,20604,5232
Rajasthan(59),2024,MAY,83,0,0,0
Rajasthan(59),2024,NOV,88367,7240,22497,9940
Rajasthan(59),2024,OCT,88367,7240,22497,9940
Rajasthan(59),2025,2024,1412,5446,4366,0
Rajasthan(59),2025,APR,134822,9839,39872,9383
Rajasthan(59),2025,AUG,134822,9839,39872,9383
Rajasthan(59),2025,DEC,134822,9839,39872,9383
Rajasthan(59),2025,FEB,134822,9839,39872,9383
Rajasthan(59),2025,JAN,0,6007,4308,0
Rajasthan(59),2025,JUL,134822,9839,39872,9383
Rajasthan(59),2025,JUN,134822,9839,39872,9383
Rajasthan(59),2025,MAR,134822,9839,39872,9383
Rajasthan(59),2025,MAY,134822,9839,39872,9383
Rajasthan(59),2025,NOV,134822,9839,39872,9383
Rajasthan(59),2025,OCT,134822,9839,39872,9383
Rajasthan(59),2025,SEP,134822,9839,39872,9383
Tamil Nadu(148),2021,2021,0,53383,12096,0
Tamil Nadu(148),2021,AUG,0,5344,497,8
Tamil Nadu(148),2021,DEC,111206,4614,17026,1739
Tamil Nadu(148),2021,FEB,0,4812,1156,5
Tamil Nadu(148),2021,JAN,0,51402,8168,0
Tamil Nadu(148),2021,JUL,0,2177,339,1
Tamil Nadu(148),2021,JUN,0,63,0,0
Tamil Nadu(148),2021,NOV,78088,4880,748,4
Tamil Nadu(148),2021,OCT,99043,6190,977,9
Tamil Nadu(148),2021,SEP,99208,5368,21595,2679
Tamil Nadu(148),2022,2022,0,77187,22933,82
Tamil Nadu(148),2022,APR,0,7113,2130,26
Tamil Nadu(148),2022,AUG,0,6149,1802,6
Tamil Nadu(148),2022,DEC,0,345,2051,0
Tamil Nadu(148),2022,FEB,0,74517,22933,0
Tamil Nadu(148),2022,JUL,0,20,0,0
Tamil Nadu(148),2022,JUN,0,5694,1252,6
Tamil Nadu(148),2022,MAR,1230796,77187,22933,82
Tamil Nadu(148),2022,MAY,124273,7490,23382,3768
Tamil Nadu(148),2022,NOV,0,6250,1800,0
Tamil Nadu(148),2022,SEP,110726,6999,22022,3
Tamil Nadu(148),2023,APR,0,8206,3999,23
Tamil Nadu(148),2023,DEC,116073,6930,5257,17
Tamil Nadu(148),2023,FEB,0,6927,2072,12
Tamil Nadu(148),2023,JAN,0,7912,37510,0
Tamil Nadu(148),2023,JUL,0,7710,4087,19
Tamil Nadu(148),2023,JUN,0,5976,1744,18
Tamil Nadu(148),2023,MAR,118410,6859,22062,3146
Tamil Nadu(148),2023,MAY,0,6816,3285,44
Tamil Nadu(148),2023,NOV,109561,6930,5176,17
Tamil Nadu(148),2023,OCT,0,6623,5549,10
Tamil Nadu(148),2023,SEP,0,7525,4087,19
Tamil Nadu(148),2024,2023,0,4975,4711,33
Tamil Nadu(148),2024,FEB,0,79244,48452,0
Tamil Nadu(148),2024,MAR,0,7176,6390,1
UT of DNH and DD(3),2021,2021,0,2677,60,12
UT of DNH and DD(3),2021,APR,856,256,369,4
UT of DNH and DD(3),2021,AUG,0,73,3,0
UT of DNH and DD(3),2021,DEC,0,4,0,0
UT of DNH and DD(3),2021,FEB,2259,2731,80,12
UT of DNH and DD(3),2021,JUL,148,256,283,1
UT of DNH and DD(3),2021,MAR,1870,2731,80,12
UT of DNH and DD(3),2021,MAY,0,241,5,1
UT of DNH and DD(3),2021,NOV,628,329,336,4
UT of DNH and DD(3),2021,OCT,666,297,351,11
UT of DNH and DD(3),2021,SEP,581,219,323,6
UT of DNH and DD(3),2022,2022,0,460,164,0
UT of DNH and DD(3),2022,AUG,0,231,0,0
UT of DNH and DD(3),2022,DEC,173,458,466,3
UT of DNH and DD(3),2022,JAN,0,4405,188,16
UT of DNH and DD(3),2022,JUL,0,254,15,3
UT of DNH and DD(3),2022,JUN,680,228,381,6
UT of DNH and DD(3),2022,MAR,0,216,142,0
UT of DNH and DD(3),2022,MAY,0,47,2,0
UT of DNH and DD(3),2022,NOV,619,474,437,0
UT of DNH and DD(3),2022,SEP,0,259,1,0
UT of DNH and DD(3),2023,2023,0,5962,435,22
UT of DNH and DD(3),2023,APR,150,487,503,2
UT of DNH and DD(3),2023,AUG,0,467,27,0
UT of DNH and DD(3),2023,DEC,0,564,6,0
UT of DNH and DD(3),2023,FEB,0,4606,53,22
UT of DNH and DD(3),2023,JAN,0,110,0,0
UT of DNH and DD(3),2023,JUL,0,116,36,0
UT of DNH and DD(3),2023,MAR,698,474,386,4
UT of DNH and DD(3),2023,MAY,0,85,21,0
UT of DNH and DD(3),2023,NOV,0,782,62,0
UT of DNH and DD(3),2023,OCT,733,543,511,6
UT of DNH and DD(3),2023,SEP,0,331,6,0
UT of DNH and DD(3),2024,2023,1185,632,618,7
UT of DNH and DD(3),2024,JAN,0,132,27,4
UT of DNH and DD(3),2025,2024,0,601,18,0
Uttar Pradesh(77),2021,2021,68187,68714,399061,574
Uttar Pradesh(77),2021,APR,0,575,4478,0
Uttar Pradesh(77),2021,DEC,147458,1881,15035,3620
Uttar Pradesh(77),2021,FEB,0,4683,4887,574
Uttar Pradesh(77),2021,JAN,0,3256,1,574
Uttar Pradesh(77),2021,JUL,0,55,0,0
Uttar Pradesh(77),2021,MAR,0,4881,4887,574
Uttar Pradesh(77),2021,MAY,176329,7839,37943,14236
Uttar Pradesh(77),2021,NOV,147458,1881,15035,3620
Uttar Pradesh(77),2021,OCT,147458,1881,15035,3620
Uttar Pradesh(77),2021,SEP,147458,1881,15035,3620
Uttar Pradesh(77),2022,2021,147458,1881,15035,3620
Uttar Pradesh(77),2022,APR,147458,1881,15035,3620
Uttar Pradesh(77),2022,AUG,147458,1881,15035,3620
Uttar Pradesh(77),2022,DEC,147458,1881,15035,3620
Uttar Pradesh(77),2022,FEB,147458,1881,15035,3620
Uttar Pradesh(77),2022,JAN,147458,1881,15035,3620
Uttar Pradesh(77),2022,JUL,147458,1881,15035,3620
Uttar Pradesh(77),2022,JUN,147458,1881,15035,3620
Uttar Pradesh(77),2022,MAR,147458,1881,15035,3620
Uttar Pradesh(77),2022,MAY,147458,1881,15035,3620
Uttar Pradesh(77),2022,NOV,147458,1881,15035,3620
Uttar Pradesh(77),2022,OCT,147458,1881,15035,3620
Uttar Pradesh(77),2022,SEP,147458,1881,15035,3620
Uttar Pradesh(77),2023,2021,147458,1881,15035,3620
Uttar Pradesh(77),2023,APR,147458,1881,15035,3620
Uttar Pradesh(77),2023,AUG,147458,1881,15035,3620
Uttar Pradesh(77),2023,DEC,147458,1881,15035,3620
Uttar Pradesh(77),2023,FEB,147458,1881,15035,3620
Uttar Pradesh(77),2023,JAN,147458,1881,15035,3620
Uttar Pradesh(77),2023,JUL,147458,1881,15035,3620
Uttar Pradesh(77),2023,JUN,147458,1881,15035,3620
Uttar Pradesh(77),2023,MAR,147458,1881,15035,3620
Uttar Pradesh(77),2023,MAY,147458,1881,15035,3620
Uttar Pradesh(77),2023,NOV,147458,1881,15035,3620
Uttar Pradesh(77),2023,OCT,147458,1881,15035,3620
Uttar Pradesh(77),2023,SEP,147458,1881,15035,3620
Uttar Pradesh(77),2024,2021,147458,1881,15035,3620
Uttar Pradesh(77),2024,APR,147458,1881,15035,3620
Uttar Pradesh(77),2024,AUG,147458,1881,15035,3620
Uttar Pradesh(77),2024,DEC,147458,1881,15035,3620
Uttar Pradesh(77),2024,FEB,147458,1881,15035,3620
Uttar Pradesh(77),2024,JAN,147458,1881,15035,3620
Uttar Pradesh(77),2024,JUL,147458,1881,15035,3620
Uttar Pradesh(77),2024,JUN,147458,1881,15035,3620
Uttar Pradesh(77),2024,MAR,147458,1881,15035,3620
Uttar Pradesh(77),2024,MAY,147458,1881,15035,3620
Uttar Pradesh(77),2024,NOV,147458,1881,15035,3620
Uttar Pradesh(77),2024,OCT,147458,1881,15035,3620
Uttar Pradesh(77),2024,SEP,147458,1881,15035,3620
Uttar Pradesh(77),2025,2021,147458,1881,15035,3620
Uttar Pradesh(77),2025,APR,147458,1881,15035,3620
Uttar Pradesh(77),2025,AUG,147458,1881,15035,3620
Uttar Pradesh(77),2025,DEC,147458,1881,15035,3620
Uttar Pradesh(77),2025,FEB,147458,1881,15035,3620
Uttar Pradesh(77),2025,JAN,147458,1881,15035,3620
Uttar Pradesh(77),2025,JUL,147458,1881,15035,3620
Uttar Pradesh(77),2025,JUN,147458,1881,15035,3620
Uttar Pradesh(77),2025,MAR,147458,1881,15035,3620
Uttar Pradesh(77),2025,MAY,147458,1881,15035,3620
Uttar Pradesh(77),2025,NOV,147458,1881,15035,3620
Uttar Pradesh(77),2025,OCT,147458,1881,15035,3620
Uttar Pradesh(77),2025,SEP,147458,1881,15035,3620
West Bengal(59),2021,2021,796451,29105,111368,18095
West Bengal(59),2021,APR,65903,2502,8669,1094
West Bengal(59),2021,AUG,0,233,367,950
West Bengal(59),2021,DEC,74005,2937,9216,1654
West Bengal(59),2021,FEB,69255,2833,11129,1921
West Bengal(59),2021,JAN,71958,2610,10804,1804
West Bengal(59),2021,JUL,76676,2114,10057,1991
West Bengal(59),2021,MAR,80039,3394,11761,2102
West Bengal(59),2021,MAY,28901,1131,4529,619
West Bengal(59),2021,NOV,79821,2674,9675,1408
West Bengal(59),2021,OCT,53481,1991,7732,670
West Bengal(59),2021,SEP,65437,2837,10449,1490
West Bengal(59),2022,2022,0,32899,0,0
West Bengal(59),2022,APR,68921,4062,9202,604
West Bengal(59),2022,AUG,62227,3275,9811,1682
West Bengal(59),2022,DEC,69015,2401,8754,1310
West Bengal(59),2022,FEB,56953,3230,8061,1450
West Bengal(59),2022,JAN,61083,3119,8491,1461
West Bengal(59),2022,JUL,62629,3158,8940,1961
West Bengal(59),2022,JUN,67895,3314,9076,1617
West Bengal(59),2022,MAR,73795,4014,9202,1885
West Bengal(59),2022,MAY,68736,3438,8913,930
West Bengal(59),2022,NOV,100531,3424,10994,1103
West Bengal(59),2022,OCT,50693,1894,6766,464
West Bengal(59),2022,SEP,64276,3418,12154,1675
West Bengal(59),2023,2023,0,29467,4,938
West Bengal(59),2023,APR,54205,2874,8894,953
West Bengal(59),2023,AUG,64200,3025,10262,1510
West Bengal(59),2023,DEC,90103,3106,10144,1365
West Bengal(59),2023,FEB,52444,2888,9763,961
West Bengal(59),2023,JAN,0,29338,0,0
West Bengal(59),2023,JUL,67387,2690,9013,1486
West Bengal(59),2023,JUN,64874,2596,9421,1398
West Bengal(59),2023,MAR,0,183,0,0
West Bengal(59),2023,MAY,77490,2976,9625,1180
West Bengal(59),2023,OCT,65497,2908,11809,961
West Bengal(59),2023,SEP,58371,2784,10453,1185
West Bengal(59),2024,2024,0,29479,9,747
West Bengal(59),2024,APR,82989,3615,10971,1237
West Bengal(59),2024,AUG,70568,2865,11364,1984
West Bengal(59),2024,DEC,81617,3057,12886,1649
West Bengal(59),2024,FEB,73994,3294,10315,1584
West Bengal(59),2024,JAN,0,29478,9,747
West Bengal(59),2024,JUL,96282,3265,12511,2282
West Bengal(59),2024,JUN,79210,2764,9166,1461
West Bengal(59),2024,MAR,69968,3333,10228,1117
West Bengal(59),2024,MAY,85925,3286,9685,1427
West Bengal(59),2024,NOV,110275,2943,12261,1425
West Bengal(59),2024,OCT,96593,2632,13503,1113
West Bengal(59),2024,SEP,71132,2939,13349,1394
West Bengal(59),2025,2025,0,4,17772,0
West Bengal(59),2025,APR,91921,3530,13512,1462
West Bengal(59),2025,AUG,60567,2764,12726,1770
West Bengal(59),2025,FEB,0,23,0,0
West Bengal(59),2025,JAN,75391,3573,16328,1802
West Bengal(59),2025,JUL,70456,3196,14636,2654
West Bengal(59),2025,JUN,83838,2926,12365,2116
West Bengal(59),2025,MAR,77206,3413,12539,1791
West Bengal(59),2025,MAY,92516,3046,11667,1964
West Bengal(59),2025,SEP,33956,1753,6575,859